Title Number,Title Name
Title 1,Senior Python Developer
Title 2,Energy engineer
Title 3,Legal executive
Title 4,Fitness centre manager
Title 5,Product manager
Title 6,Medical technical officer
Title 7,Physiological scientist
Title 8,Textile designer
Title 9,Television floor manager
Title 10,Waste management officer
Title 11,Software Engineer (Python)
Title 12,Interpreter
Title 13,Architect
Title 14,Meteorologist
Title 15,Audiological scientist
Title 16,English as a second language teacher
Title 17,Surgeon
Title 18,Equities trader
Title 19,Newspaper journalist
Title 20,Materials engineer
Title 21,Python Programmer (Entry-Level)
Title 22,Product/process development scientist
Title 23,"Scientist, research (maths)"
Title 24,Ecologist
Title 25,Materials engineer
Title 26,Historic buildings inspector/conservation officer
Title 27,Data scientist
Title 28,Psychiatrist
Title 29,Structural engineer
Title 30,Immigration officer
Title 31,Python Programmer (Entry-Level)
Title 32,Neurosurgeon
Title 33,Broadcast engineer
Title 34,Make
Title 35,"Nurse, adult"
Title 36,Air broker
Title 37,"Editor, film/video"
Title 38,"Production assistant, radio"
Title 39,"Engineer, communications"
Title 40,Sales executive
Title 41,Software Developer (Python)
Title 42,Futures trader
Title 43,Tour manager
Title 44,Cytogeneticist
Title 45,"Designer, multimedia"
Title 46,Trade union research officer
Title 47,"Chemist, analytical"
Title 48,"Programmer, multimedia"
Title 49,"Engineer, broadcasting (operations)"
Title 50,"Teacher, primary school"
Title 51,Python Developer
Title 52,Manufacturing systems engineer
Title 53,"Producer, television/film/video"
Title 54,"Scientist, forensic"
Title 55,Bonds trader
Title 56,Editorial assistant
Title 57,Photographer
Title 58,Retail banker
Title 59,Jewellery designer
Title 60,Ophthalmologist
Title 61,"Back-End Web Developer (Python, Django)"
Title 62,Licensed conveyancer
Title 63,Futures trader
Title 64,Counselling psychologist
Title 65,Insurance underwriter
Title 66,"Engineer, automotive"
Title 67,"Producer, radio"
Title 68,Dispensing optician
Title 69,"Designer, fashion/clothing"
Title 70,Chartered loss adjuster
Title 71,"Back-End Web Developer (Python, Django)"
Title 72,Forest/woodland manager
Title 73,Clinical cytogeneticist
Title 74,Print production planner
Title 75,Systems developer
Title 76,Graphic designer
Title 77,Writer
Title 78,Field seismologist
Title 79,Chief Strategy Officer
Title 80,Air cabin crew
Title 81,Python Programmer (Entry-Level)
Title 82,Warden/ranger
Title 83,Sports therapist
Title 84,Arts development officer
Title 85,Printmaker
Title 86,Health and safety adviser
Title 87,Manufacturing systems engineer
Title 88,"Programmer, applications"
Title 89,Medical physicist
Title 90,Media planner
Title 91,Software Developer (Python)
Title 92,"Surveyor, land/geomatics"
Title 93,Legal executive
Title 94,"Librarian, academic"
Title 95,Barrister
Title 96,Museum/gallery exhibitions officer
Title 97,"Radiographer, diagnostic"
Title 98,Database administrator
Title 99,Furniture designer
Title 100,Ship broker
